﻿{
  "version": "1.0",
  "defaultProvider": "jsdelivr",
  "libraries": [
    {
      "library": "jquery@3.4.1",
      "destination": "wwwroot/lib/jquery/",
      "files": [
        "dist/jquery.min.js",
        "dist/jquery.js"
      ]
    },
    {
      "library": "bootstrap@4.4.1",
      "destination": "wwwroot/lib/bootstrap/",
      "files": [
        "dist/css/bootstrap.css",
        "dist/css/bootstrap.min.css",
        "dist/js/bootstrap.js",
        "dist/js/bootstrap.min.js"
      ]
    },
    {
      "library": "jquery-validation@1.19.1",
      "destination": "wwwroot/lib/jquery-validation/",
      "files": [
        "dist/jquery.validate.js",
        "dist/jquery.validate.min.js"
      ]
    },
    {
      "library": "jquery-validation-unobtrusive@3.2.11",
      "destination": "wwwroot/lib/jquery-validation-unobtrusive/",
      "files": [
        "dist/jquery.validate.unobtrusive.js",
        "dist/jquery.validate.unobtrusive.min.js"
      ]
    }
  ]
}